file_path,line_count,category
packages/dnakey/src/iacfl/__init__.py,23,module
packages/dnakey/src/iacfl/adversarial.py,132,module
packages/dnakey/src/iacfl/blend.py,80,module
packages/dnakey/src/iacfl/divergence.py,100,module
packages/dnakey/src/iacfl/operators.py,161,module
packages/dnakey/src/iacfl/validators.py,130,module
packages/dnakey/src/shared/__init__.py,1,shared
packages/dnakey/src/shared/operators.py,33,shared
packages/dnakey/src/shared/types.py,77,shared
packages/dnakey/src/shared/validators.py,24,shared
tests/iacfl/__init__.py,0,test
tests/iacfl/conftest.py,61,test
tests/iacfl/test_adversarial.py,46,test
tests/iacfl/test_blend.py,56,test
tests/iacfl/test_divergence.py,58,test
tests/iacfl/test_operators.py,188,test
tests/iacfl/test_validators.py,49,test
