N,gap_delta,exponent_correction_factor
1,1.00000000e+00,1.000000
2,1.00830220e-01,2.919289
3,3.95202703e-02,7.656172
4,2.03334665e-02,14.476258
5,1.21436515e-02,23.359999
6,7.96967508e-03,34.284168
7,5.58204755e-03,47.226835
8,4.10045580e-03,62.167905
9,3.12370352e-03,79.089015
10,2.44889410e-03,97.973324
11,1.96495632e-03,118.805314
12,1.60716818e-03,141.570607
13,1.33585974e-03,166.255823
14,1.12567816e-03,192.848452
15,9.59840776e-04,221.336753
16,8.26899719e-04,251.709667
17,7.18841259e-04,283.956744
18,6.29927426e-04,318.068080
19,5.55967220e-04,354.034265
20,4.93845061e-04,391.846337
21,4.41208056e-04,431.495741
22,3.96253957e-04,472.974294
23,3.57584515e-04,516.274156
24,3.24102243e-04,561.387802
25,2.94936542e-04,608.307999
26,2.69390062e-04,657.027782
27,2.46899215e-04,707.540439
28,2.27004754e-04,759.839490
29,2.09329593e-04,813.918673
30,1.93561913e-04,869.771933
31,1.79442161e-04,927.393403
32,1.66752961e-04,986.777398
33,1.55311210e-04,1047.918402
34,1.44961844e-04,1110.811061
35,1.35572880e-04,1175.450167
36,1.27031442e-04,1241.830661
37,1.19240564e-04,1309.947615
38,1.12116594e-04,1379.796231
39,1.05587076e-04,1451.371834
40,9.95890121e-05,1524.669863
41,9.40674336e-05,1599.685871
42,8.89742106e-05,1676.415512
43,8.42670658e-05,1754.854546
44,7.99087472e-05,1834.998824
45,7.58663338e-05,1916.844293
46,7.21106505e-05,2000.386987
47,6.86157718e-05,2085.623024
48,6.53586008e-05,2172.548602
49,6.23185098e-05,2261.160001
50,5.94770328e-05,2351.453570
51,5.68176016e-05,2443.425734
52,5.43253184e-05,2537.072987
53,5.19867593e-05,2632.391887
54,4.97898043e-05,2729.379058
55,4.77234895e-05,2828.031187
56,4.57778785e-05,2928.345018
57,4.39439496e-05,3030.317354
58,4.22134978e-05,3133.945055
59,4.05790483e-05,3239.225033
60,3.90337805e-05,3346.154252
61,3.75714612e-05,3454.729727
62,3.61863852e-05,3564.948523
63,3.48733232e-05,3676.807750
64,3.36274755e-05,3790.304566
65,3.24444301e-05,3905.436170
66,3.13201269e-05,4022.199809
67,3.02508241e-05,4140.592767
68,2.92330693e-05,4260.612372
69,2.82636733e-05,4382.255989
70,2.73396866e-05,4505.521024
71,2.64583781e-05,4630.404917
72,2.56172164e-05,4756.905146
73,2.48138526e-05,4885.019225
74,2.40461046e-05,5014.744701
75,2.33119437e-05,5146.079154
76,2.26094817e-05,5279.020199
77,2.19369593e-05,5413.565479
78,2.12927361e-05,5549.712671
79,2.06752811e-05,5687.459480
80,2.00831640e-05,5826.803641
81,1.95150474e-05,5967.742919
82,1.89696800e-05,6110.275104
83,1.84458899e-05,6254.398017
84,1.79425784e-05,6400.109502
85,1.74587154e-05,6547.407431
86,1.69933336e-05,6696.289702
87,1.65455242e-05,6846.754235
88,1.61144331e-05,6998.798976
89,1.56992566e-05,7152.421896
90,1.52992382e-05,7307.620988
91,1.49136652e-05,7464.394266
92,1.45418655e-05,7622.739768
93,1.41832054e-05,7782.655554
94,1.38370867e-05,7944.139705
95,1.35029443e-05,8107.190322
96,1.31802442e-05,8271.805526
97,1.28684814e-05,8437.983459
98,1.25671781e-05,8605.722283
99,1.22758820e-05,8775.020178
100,1.19941646e-05,8945.875343
